Lyrics,
"[Letra de ""Loco""]
[Refrán]
Ey, cholo, yo no me equivoco
Si monto un reggaetón, ese culo lo reboto-boto
Ya préndela, güey, ya aquí traigo una de ley
Que lo poco que sé me lo enseñó el sensei
Ey, cholo, yo no me equivoco
Si monto un reggaetón, ese culo lo reboto-boto
Ya préndela, güey, ya aquí traigo una de ley
Que lo poco que sé me lo enseñó el sensei
[Verso]
Mamacita, nuevamente déjame probar un poco
Lе caigo de repentе, yo soy el que la sofoco
Mi suegra no me quiso, francamente, yo tampoco
A la doña le dijeron que andaba fumando fogo
Y aunque ya no somos nada, pero si quiere, la toco
Sale muy de zapatillas con su vestidito corto
Dicen que yo nunca cambio, que traigo los ojos rojos
Saco coche bomba y sale el humo por el quemacoco'
[Pre-Coro]
Y no, y no, no me digas que no
Si yo sé bien, sé bien que te gusto
Y no, y no, no me digas que no
Si yo sé bien, sé bien que te gusto
[Coro]
Me dijo tu amiga que tienes el cora roto
Desde que ando libre me la paso bien loco
Melday, no necesito tus polvo'
Me prestaron otros y otra vez ando bien coco
Me dijo tu amiga que tienes el cora roto
Desde que ando libre me la paso bien loco
Melday, no necesito tus polvo'
Me prestaron otros y otra vez ando bien coco
[Post-Coro]
Si me llamas, ya sabes que te robo
Como siempre, ya sabe' que estoy solo
Si me llama', ya sabes que te robo
Como siempre, ya sabe' que estoy solo
[Coro]
Me dijo tu amiga que tienes el cora roto
Desde que ando libre me la paso bien loco
Melday, no necesito tus polvo'
Me prestaron otros y otra vez ando bien coco
Me dijo tu amiga que tienes el cora roto
Desde que ando libre me la paso bien loco
Melday, no necesito tus polvo'
Me prestaron otros y otra vez ando bien coco
[Post-Coro]
Si me llamas, ya sabes que te robo
Como siempre, ya sabe' que estoy solo
Si me llama', ya sabes que te robo
Como siempre, ya sabe' que estoy solo
[Outro]
(Ya sabes que estoy solo)
(Me dijo tu amiga que tienes el cora roto)
(Desde que ando libre me la paso bien loco)
(Melday, no necesito tus polvo')
(Me prestaron otros y otra vez ando bien coco)
(Polvo')
(Me prestaron otros y otra vez ando bien coco)",
"[Intro]
Ooh
, yeah
Ooh
, 
yeah
[Verse 1]
I can feel it
Girl, pick up your phone, I can't believe it
I can feel my spirit slowly leaving
I can't see myself and I'm not breathing (Ah)
I'm not breathing (I'm not breathing)
Slowly bleeding (Bleeding)
I wish that I told you all my feelings
 (Feelings)
I hope that I live life for a reason
 (Reason)
But at least you'll play this song
When I'm gone
[Chorus]
And I hope you cry for me like I cry for you
Every night for you, take it easy on me, baby
'Cause I tried with you, saw my life with you
End of time with you, now we're strangers
And I hope that you still cry for me like I cry for you
Every night for you, I've been living with this lie
Now I can't hide the truth, I can't hide the truth
Girl, I'll cry for you
Girl, I'll cry for you, ooh, yeah
[Verse 2]
I can't see clear
I wash my fears with whisky tears
I disappear
Don't interfere, the end is near
The crowd'll scream
I block my ears to stop the cheers
'Cause the stage took a toll
Been faded on the floor
In this penthouse prison, I'm alone
[Chorus]
And I hope you cry for me like I cry for you
Every night for you, take it easy on me, baby
'Cause I tried with you, saw my life with you
End of time with you, now we're strangers
And I hope that you still cry for me like I cry for you
Every night for you, I've been living with this lie
Now I can't hide the truth, I can't hide the truth (Hide the truth)
Girl, I'll cry for you
Girl, I'll cry for you, ooh, yeah
[Bridge]
Every time I hit the road, it takes a little piece of me
Kills me slowly (Slowly)
When I needed you the most, you always gave me sympathy
Now you're over me (Over me)
Now you're better on your own, it ain't a fucking mystery
You've been showing me
Now I've been burning up my home, baby
I've been burning up my home
[Chorus]
And I hope you cry for me like I cry for you
Every night for you, take it easy on me, baby
'Cause I tried with you, saw my life with you
End of time with you, now we're strangers
And I hope that you still cry for me like I cry for you
Every night for you, I've been living with this lie
Now I can't hide the truth, I can't hide the truth
Girl, I'll cry for you
Girl, I'll cry for you, ooh, yeah",
"[Letra de ""DtMF""]
[Intro]
Eh-eh, eh-eh, eh-eh, eh-eh
[Verso 1]
Otro sunset bonito que veo en San Juan
Disfrutando de todas esas cosas que extrañan los que se van
Disfrutando de noche' de esas que ya no se dan
Que ya no se dan
Pero queriendo volver a la última vez
Que a los ojos te miré
Y contarte las cosas que no te conté (Te parece' a mi crush, jaja)
Y tirarte la' foto' que no te tiré (Acho, jura'o te ves bien linda, déjame tirarte una foto)
Ey, tengo el pecho pela'o, me dio una matá'
El corazón dándome patá'
Dime, baby, ¿dónde tú está'?
Pa' llegarle con RoRo, Julito, Krystal
Roy, Edgar, Seba, Óscar, Darnell y Big Jay, tocando batá
Hoy la calle la dejamo' 'esbaratá
Y sería cabrón que tú me toque' el güiro
Yo veo tu nombre y me salen suspiro'
No sé si son petardo' o si son tiro'
Mi blanquita, perico, mi kilo
Yo estoy en PR, tranquilo, pero
[Estribillo]
Debí tirar más fotos de cuando te tuve
Debí darte más beso' y abrazo' las vece' que pude
Ey, ojalá que los mío' nunca se muden
Y si hoy me emborracho, pues que me ayuden
Debí tirar más foto' de cuando te tuve
Debí darte más beso' y abrazo' las veces que pude
Ojalá que los mío' nunca se muden
Y si hoy me emborracho, pues que me ayuden
[Verso 2]
Ey, hoy voy a estar con abuelo to'l día, jugando dominó
Si me pregunta si aún pienso en ti, yo le digo que no
Que mi estadía cerquita de ti ya se terminó
Ya se terminó, ey
Que prendan la' máquina', voy pa' Santurce
Aquí todavía se da caña
Chequéate las babie', diablo, mami, qué dulce
Hoy yo quiero beber, beber, beber
Y hablar mierda hasta que me expulsen
'Toy bien loco (
'Toy bien loco
), 'toy bien loco (
'Toy bien loco
)
Cabrón, guía tú, que hasta caminando yo estoy que choco
'Toy bien loco (
'Toy bien loco
), 'toy bien loco (
'Toy bien loco
)
Vamo' a disfrutar, que nunca se sabe si nos queda poco
Debí tirar más f—
[Interludio]
Gente, lo' quiero con cojone', los amo
Gracias por estar aquí, de verdad
Para mí e' bien importante que estén aquí
Cada uno de ustede' significa mucho para mí
Así que, vamo' pa' la foto, vengan pa'cá
Métase to'l mundo, to'l corillo, vamo'
Zumba
[Verso 3]
Ya Bernie tiene el nene y Jan la nena'
Ya no estamo' pa' la movie' y las cadena'
'Tamos pa' las cosa' que valgan la pena
Ey, pa'l perreo, la salsa, la bomba y la plena
Chequéate la mía cómo es que suena
[Outro]
Debí tirar más fotos de cuando te tuve
Debí darte más besos y abrazo' las veces que pude
Ojalá que los mío' nunca se muden
Y que tú me envíe' más nude'
Y si hoy me emborracho, que Beno me ayude",
"All I ever wanted was a Black Grand National
- bein′ rational, give 'em what they ask for
chorus
There′s not enough (ay)
Few solid - left, but it's not enough
Few - that'll really step, but it′s not enough
Say you bigger than myself, but it′s not enough (huh)
I get on they -, yeah, somebody gotta do it
I make 'em - mad, yeah, somebody gotta do it
I take a G-pass, yeah, watch a - do it (huh)
We survived outside, all from the music, -, what?
verse
They like, ""What he on?""
It′s the Alpha and Omega, -, welcome home
This is not a song
This a revelation, ""How to get a - gone""
You need your man, baby, I don't wanna slam, baby
Pay your bill and make you feel protected like I can, baby
Teach you somethin′ if you need correction, that's the plan, baby
Don′t put your life in these weird - hands, baby (wop)
chorus
There's not enough (ay)
Few solid - left, but it's not enough
Few - that′ll really step, but it′s not enough
Say you bigger than myself, but it's not enough (huh)
I get on they -, yeah, somebody gotta do it
I make ′em - mad, yeah, somebody gotta do it
I take a G-pass, yeah, watch a - do it (huh)
We survived outside, all from the music, -, what?
verse
Hey, turn this TV off
Ain't with my type activities? Then don′t you get involved
Hey, what, huh, how many - I seen? Seen 'em all
Take a rest or take a trip, you know I′m trippin' for my dawg
Who you with? Couple sergeants and lieutenants for the get-back
This revolution been televised, I fell through with the knick-knacks
Hey, young -, get your chili up, yeah, I meant that
Hey, blackout if they act out, yeah, I did that
verse
Hey, what's up, dawg?
I hate a - that′s hatin′ on a - and they both -
I hate a - hatin' on ′em - and they both broke
If you ain't comin′ for no chili, what you come for?
- feel like he entitled 'cause he knew me since a kid
-, I cut my granny off, if she won′t see it how I see it
Hm, got a big mouth, but he lack big ideas
Send him to the moon, that's just how I feel yellin'
chorus
There′s not enough (ay)
Few solid - left, but it′s not enough
Few - that'll really step, but it′s not enough
Say you bigger than myself, but it's not enough
bridge
Huh, huh, huh
Hey, hey (Mustard on the beat, -)
hook
Mustard
- actin′ bad, but somebody gotta do it
Got my foot up on the gas, but somebody gotta do it
Huh, turn this TV off, turn this TV off
Huh, turn this TV off, turn this TV off
Huh, turn this TV off, turn this TV off
Huh, turn this TV off, turn this TV off
verse
Ain't no other king in this rap thing, they siblings
Nothin′ but my children, one shot, they disappearin'
I'm in a city where the flag be gettin′ thrown like it was
Pass interference, padlock around the buildin′
Crash, pullin' up in a marked truck just to play freeze tag
With a bone to pick, like it was sea bass
So when I made it out, I made about 50K from a show
Tryna show - the ropes before they hung from a rope
verse
I′m prophetic, they only talk about it, I get it
Only good for savin' face, seen the cosmetics
How many heads I gotta take to level my aesthetics?
Hurry up and get your muscle up, we out to plyometric
- ran up out of luck soon as I up the highest metric
The city just made it sweet, you could die, I bet it
They mouth get full of deceit, let these cowards tell it
Walk in New Orleans with the etiquette of LA, yellin′
hook
Mustard (oh, man)
- actin' bad, but somebody gotta do it
Got my foot up on the gas, but somebody gotta do it
Huh, turn this TV off, turn this TV off
Huh, turn this TV off, turn this TV off
Huh, turn this TV off, turn this TV off
Huh, turn this TV off, turn this TV off
outro
- gets crazy, scary, spooky, hilarious
Crazy, scary, spooky, hilarious
- gets crazy, scary, spooky, hilarious
Crazy, scary, spooky, hilarious
- gets crazy, scary, spooky, hilarious
Crazy, scary, spooky, hilarious
- gets crazy, scary, spooky, hilarious
Crazy, scary, spooky, hilarious",4
"[Intro: Gabito Ballesteros]
Turn it up a little more
[Verse 1: Gabito Ballesteros & 
Tito Double P
]
Seven days have passed, and it weighs on me that you're gone
That you won't come back, and in the end, to hell with it
It's just me and this fucking anxiety
This fucking anxiety
Thirty missed calls and a ""Where are you?""
How am I supposed to explain that I got lost in craziness?
The girls, the homies, to kill this anxiety?
Fucking anxiety
[Chorus: Gabito Ballesteros & 
Tito Double P
]
Tell me what's wrong with you
In the end, you don't even know what you want
To forget you, I made love with others
I don't even mind spending all this cash anymorе, watch out
Tell me what's wrong with you
We sworе love to each other forever
Stop pretending you don't love me
'Cause I can see in your eyes that you still do
Do you get it? Do you get it?
[Interlude: Tito Double P & 
Gabito Ballesteros
]
Hahaha
But do you get it or not?
Tito Double P, ay!
Ayo
That's how your buddy Gabito sounds, man
My little one
On his little motorcycle
Ooh!
[Verse 2: Gabito Ballesteros]
Seven days have passed, and now I accept that you're gone
That I'm gonna forget you and alcohol tastes bad
I already swore for my own good that I won't look at you again
I won't look at you again
[Chorus: Tito Double P & 
Gabito Ballesteros
]
Tell me what's wrong with you
In the end, you don't even know what you want
To forget you, I made love with others
I don't even mind spending all this cash anymore, watch out
Not even you understand yourself
Where did that forever love go?
Stop pretending you don't love me
'Cause I can see in your eyes that you do, understand that, understand that
[Instrumental Outro]",
"If this world were mine
Hey, Roman numeral seven, bae, drop it like it's hot
If this world was mine, I'd take your dreams and make 'em multiply
If this world was mine, I'd take your enemies in front of God
Introduce 'em to that light, hit them strictly with that fire
Fah-fah, fah-fah-fah, fah-fah, fah
Hey, Roman numeral seven, bae, drop it like it's hot
If this world was mine, I'd take your dreams and make 'em multiply
If this world was mine, I'd take your enemies in front of God
Introduce 'em to that light, hit them strictly with that fire
It's a vibe, do your dance, let 'em watch
She a fan, he a flop, they just wanna kumbaya, nah
In this world, concrete flowers grow
Heartache, she only doin' what she know
Weekends, get it poppin' on the low
Better days comin' for sure (if this world were)
If it was up to me
I wouldn't give these nobodies no sympathy
I'd take away the pain, I'd give you everything
I just wanna see you win, wanna see (if this world were mine)
It go in (when you), out (ride it), do it real slow (slide)
Baby, you a star, strike, pose (right)
When I'm (when you), with you (with me), everything goes (slow)
Come and (put that), put that (on my), on my (titi), soul (soul)
'Rari (red), crown (stack), wrist (stay), froze (really)
Drip (tell me), pound (if you), on the way home (love me)
In this world, concrete flowers grow
Heartache, she only doin' what she know
Weekends, get it poppin' on the low
Better days comin' for sure (if this world were)
If it was up to me
I wouldn't give these nobodies no sympathy
I'd take away the pain, I'd give you everything
I just wanna see you win, wanna see (if this world were mine)
I can't lie, I trust you, I love you, I won't waste your time
I turn it off just so I can turn you on
I'ma make you say it loud
I'm not even trippin', I won't stress you out
I might even settle down for you, I'ma show you I'm a pro
I'ma take my take my time and turn it off
Just so I can turn you on, baby
Weekends, get it poppin' on the low
Better days comin' for sure
I know you'll come
I know you're comin' for
(Anything)
(If this world were mine)",6
"[Intro: Kendrick Lamar]
God knows
I am reincarnated
I was stargazin'
Life goes on, I need all my babies (Gyah, gyah)
[Verse 1: Kendrick Lamar & 
Debbie Deb
]
Woke up lookin' for the broccoli
High-key, keep a horn on me, that Kamasi
IP, ownership, the blueprint is by me
Mr. Get Off, I get off and mop feet
When I hear music, it makes me dance
You got the music, now is your chance
A yee nigga couldn't try me in the tri-state
Buddy pass, bet I get him splashed 'til he hydrated
Bounce out, know he spook town, eyes dilated
I got the money and the power both gyratin'
[Chorus: Kendrick Lamar]
I feel good, get the fuck out my face
Look good, but shе don't got no taste
I walk in, walked out with the safе
Mando, let me know what the play
[Verse 2: Kendrick Lamar]
What the fuck?
I got hits, I got bucks, I got new paper cuts
I got friends, I got foes, but they all sitting ducks
Hit his turf and get crackin', double back like a deluxe
Fifty deep, but it ain't deep enough
Fuck a plea, there he go, beat him up
Fallin' from a money tree
 
and it grow throughout the months
Spit a loogie at the camera, speed off, yeah, it's us
[Chorus: Kendrick Lamar]
I feel good, get the fuck out my face
Look good, but she don't got no taste
I walk in, walked out with the safe
Mando, let me know what the play
[Post-Chorus: Kendrick Lamar]
Squabble up, squabble up
Squabble up, squabble up
Squabble up (Mm, mm), squabble up (Mm, mm)
Squabble up (Mm, mm), squabble up
[Bridge: Kendrick Lamar]
Hol' up (
Hol' up
)
Where you from? (
Where you from?
)
Bye, bitch (
Bye, bitch
)
I'm finna go dumb (
Finna go dumb
)
Sideways (
Sideways
)
Bunk skunk (
Bunk skunk
)
Fever (
Fever
)
I'm on one (
I'm on one
)
[Verse 3: Kendrick Lamar]
Thunk, thunk, thunk, thunk, thunk, baby rockin' it
Quid pro quo, what you want? 'Cause I'm watchin' it
Work on the floor, let me know if you clockin' it
Brodie won't go, but I know that he poppin' it
It was woof tickets on sale 'til I silenced it
Pipe down, young, these some whole other politics
Bitch with him and some bitch in him, that's a lot of bitch
Don't hit him, he got kids with him, my apologies
Ghetto child, it was Blacky Milds with the Smirnoff
Yeehaw, we outside, whoadie 'bout to kill him off
Blaps on blaps, it's a fact, this a brick of raw
Tell me why the fuck you niggas rap if it's fictional?
Tell me why the fuck you niggas fed if you criminal?
""Ayy, Dot, can I get a drop?"" I'm like, ""Nigga, nah""
Ace boon coon from the Westside to Senegal
It's a full moon, let the wolves out, I been a dog
 (Ah)
[Chorus: Kendrick Lamar]
I feel good, get the fuck out my face
Look good, but she don't got no taste
I walk in, walked out with the safe
Mando, let me know what the play
[Post-Chorus: Kendrick Lamar]
Squabble up, squabble up
Squabble up, squabble up
Squabble up (Mm, mm), squabble up (Mm, mm)
Squabble up (Mm, mm), squabble up",
"[Intro]
Yeah, yeah
Yeah, yeah
Yeah, yeah
Yeah, yeah, yeah, yeah
Yeah, yeah, yeah, yeah
Ooh, no, ooh, no, shit
[Verse]
I fell asleep in the tub, I was met with paralysis
My foot hit the faucet, water started flowing in
Couldn't scream for help, I just slowly felt the pressure hit
Moving one toe was the only form of motion left
Can't breathe for air, can't breathe
Trying to remember everything that my preacher said
Tryna right my wrongs, my rеgrets filling up my head
All the timеs I dodged death, this can't be the way it ends, no
[Pre-Chorus]
Figure in the corner I can't quite see (Quite see)
I just know the shadow's staring at me
It gets closer, it gets closer, it gets closer now
Figure in the corner laughing at me (At me)
Water fill my lungs, vision blurry
Heartbeat slower, heartbeat slower, heartbeat slower
[Chorus]
Voices'll tell me that I should carry on
Voices'll tell me that I should carry on
Voices'll tell me that I should carry on
Voices'll tell me that I should carry on
[Bridge]
I've been baptized in fear, my dear
I've been the chief of sin
Washing my soul within
I've been baptized in fear, my dear
Like Paul, I'm the chief of sin
Washing my soul within, oh
[Pre-Chorus]
Figure in the corner I can't quite see (Quite see)
I just know the shadow's staring at me
It gets closer, it gets closer, it gets closer now
Figure in the corner laughing at me (At me)
Water fill my lungs, vision blurry
Heartbeat slower, heartbeat slower, heartbeat slower
[Chorus]
Voices'll tell me that I should carry on
Voices'll tell me that I should carry on
Voices'll tell me that I should carry on
Voices'll tell me that I should carry on
Voices'll tell me that I should carry on
Voices'll tell me that I should carry on",
"[Part I]
[Verse]
All I have is my legacy
I been losing my memory
No afterlife, no other side
I'm all alone when it fades to black
Fades to black
No afterlife, no other side
I'm all alone when it fades
Play smile, live fully
When life is hard
I know death's easy
Woah
[Part II]
[Verse 1]
Sun is never rising
I don't know if it's day or night (Or night)
And I can't find the horizon (Horizon)
I'm running out of time (Time)
[Pre-Chorus]
Are you real, or are you an illusion?
'Cause I fear your love's my delusion
[Chorus]
Wake me up
, come find me
It feels like I'm dying
Wake me up, these demons
Keep creeping, don't fear 'em
Wake me up
[Post-Chorus]
Ooh, ooh-ooh
[Verse 2]
It's coming to the wire
I'm feeling like I'm paralyzed
Cleanse me with your fire
 (Hey)
Open up my eyes
[Pre-Chorus]
Are you real (Are you real?), or are you an illusion?
'Cause I fear your love's my delusion
[Chorus]
Wake me up, come find me
It feels like I'm dying (Ooh-woah)
Wake me up, these demons (These demons)
Keep creeping (Keep creeping), don't fear 'em (Ooh-woah)
Wake me up, 'cause I'm trying (I'm trying)
This sleep is (This sleep is) paralyzing (Oh)
Wake me up, 'cause I'm dreaming (I'm dreaming)
It feels so (Hey) damn real (Hey)
Wake me up
[Outro]
Oh-oh-oh-oh
Oh-oh-oh",
"[Intro]
Psst, I see dead people
(
Mustard on the beat, ho
)
[Verse 1]
Ayy, Mustard on the beat, ho
Deebo any rap nigga, he a free throw
Man down, call an amberlamps, tell him, ""Breathe, bro""
Nail a nigga to the cross, he walk around like Teezo
What's up with these jabroni-ass niggas tryna see Compton?
The industry can hate me, fuck 'em all and they mama
How many opps you really got? I mean, it's too many options
I'm finna pass on this body, I'm John Stockton
Beat your ass and hide the Bible if God watchin'
Sometimes you gotta pop out and show niggas
Certified boogeyman, I'm the one that up the score with 'em
Walk him down, whole time, I know he got some ho in him
Pole on him, extort shit, bully Death Row on him
Say, Drake, I hear you like 'em young
You better not ever go to cell block one
To any bitch that talk to him and they in love
Just make sure you hide your lil' sister from him
They tell me Chubbs the only one that get your hand-me-downs
And Party at the party playin' with his nose now
And Baka got a weird case, why is he around?
Certified Lover Boy? Certified pedophiles
Wop, wop, wop, wop, wop, Dot, fuck 'em up
Wop, wop, wop, wop, wop, I'ma do my stuff
Why you trollin' like a bitch? Ain't you tired?
Tryna strike a chord and it's probably A minor
[Chorus]
They not like us, they not like us, they not like us
They not like us, they not like us, they not like us
[Verse 2]
You think the Bay gon' let you disrespect Pac, nigga?
I think that Oakland show gon' be your last stop, nigga
Did Cole foul, I don't know why you still pretendin'
What is the owl? Bird niggas and burnt bitches, go
The audience not dumb
Shape the stories how you want, hey, Drake, they're not slow
Rabbit hole is still deep, I can go further, I promise
Ain't that somethin'? B-Rad stands for bitch and you Malibu most wanted
Ain't no law, boy, you ball boy, fetch Gatorade or somethin'
Since 2009, I had this bitch jumpin'
You niggas'll get a wedgie, be flipped over your boxers
What OVO for? The ""Other Vaginal Option""? Pussy
Nigga better straighten they posture, got famous all up in Compton
Might write this for the doctorate,
 
tell the pop star quit hidin'
Fuck a caption, want action, no accident
And I'm hands-on, he fuck around, get polished
Fucked on Wayne girl while he was in jail, that's connivin'
Then get his face tatted like a bitch apologizin'
I'm glad DeRoz' came home, y'all didn't deserve him neither
From Alondra down to Central, nigga better not speak on Serena
And your homeboy need subpoena, that predator move in flocks
That name gotta be registered and placed on neighborhood watch
I lean on you niggas like another line of Wock'
Yeah, it's all eyes on me, and I'ma send it up to Pac, ayy
Put the wrong label on me, I'ma get 'em dropped, ayy
Sweet Chin Music and I won't pass the aux, ayy
How many stocks do I really have in stock? Ayy
One, two, three, four, five, plus five, ayy
Devil is a lie,
 
he a 69 God, ayy
Freaky-ass niggas need to stay they ass inside, ayy
Roll they ass up like a fresh pack of 'za, ayy
City is back up, it's a must, we outside, ayy
[Chorus]
They not like us, they not like us, they not like us
They not like us, they not like us, they not like us
[Verse 3]
Once upon a time, all of us was in chains
Homie still doubled down callin' us some slaves
Atlanta was the Mecca, buildin' railroads and trains
Bear with me for a second, let me put y'all on game
The settlers was usin' townfolk to make 'em richer
Fast-forward, 2024, you got the same agenda
You run to Atlanta when you need a check balance
Let me break it down for you, this the real nigga challenge
You called Future when you didn't see the club (Ayy, what?)
Lil Baby helped you get your lingo up (What?)
21 gave you false street cred
Thug made you feel like you a slime in your head (Ayy, what?)
Quavo said you can be from Northside (What?)
2 Chainz say you good, but he lied
You run to Atlanta when you need a few dollars
No, you not a colleague, you a fuckin' colonizer
The family matter and the truth of the matter
It was God's plan to show y'all the liar
[Bridge]
Mm
Mm-mm
He a fan, he a fan, he a fan (Mm)
He a fan, he a fan, he a
Freaky-ass nigga, he a 69 God
Freaky-ass nigga, he a 69 God
Hey, hey, hey, hey, run for your life
Hey, hey, hey, hey, run for your life
Freaky-ass nigga, he a 69 God
Freaky-ass nigga, he a 69 God
Hey, hey, hey, hey, run for your life
Hey, hey, hey, hey, run for your life
Let me hear you say, ""OV-ho"" (
OV-ho
)
Say, ""OV-ho"" (
OV-ho
)
Then step this way, step that way
Then step this way, step that way
[Outro]
Are you my friend?
Are we locked in?
Then step this way, step that way
Then step this way, step that way",
"[Letra de ""BAILE INoLVIDABLE""]
[Intro]
Pensaba que contigo iba a envejecer
En otra vida, en otro mundo podrá ser
En esta solo queda irme un día
Y solamente verte en el atardecer
Si me ven solo y triste, no me hablen
Si me ven solo y triste, soy culpable
La vida es una fiesta que un día termina
Y fuiste tú mi baile inolvidable
Y fuiste tú mi baile inolvidable
Eh-eh, eh-eh
Eh-eh, eh-eh
[Interludio: Jacobo Morales]
Mientras uno está vivo
Uno debe amar lo más que pueda
[Coro]
Pensaba que contigo iba a envejecer
En otra vida, en otro mundo podrá ser
En esta solo queda irme un día
Y ver pa'l cielo a ver si te veo caer
Si me ven solo y triste, no me hablen
Si me ven solo y triste, soy culpable
La vida es una fiesta que un día termina
Y fuiste tú mi baile inolvidable
[Refrán]
No
, no te puedo olvidar
No
, no te puedo borrar
Tú
 me enseñaste a querer
Me enseñaste a bailar
No, no te puedo olvidar
No, no te puedo borrar
Tú me enseñaste a querer
Me enseñaste a bailar
[Verso 1]
Yeah-yeah-yeah-yeah, ey
Dime cómo le hago pa' olvidarte
Hay un paso nuevo que quiero enseñarte
En las noche' ya ni puedo dormir
Lo que hago es soñarte
[Refrán]
No, no te puedo olvidar
No, no te puedo borrar
Tú me enseñaste a querer
Me enseñaste a bailar
[Verso 2]
Cómo tú me besabas, cómo yo te lo hacía
Cómo tú me mirabas, bellaquito me ponía
Se siente feo no tenerte cerquita
La nueva mama bien, pero no es tu boquita
Mi diabla, mi ángel, mi loquita
Mi diabla, mi ángel, mi loquita, ey
[Interludio]
'To suena cabrón
Vamo' a hacerlo otra ve'
Como anoche, como anoche
Tan-tan, ta-na-na, ta-na-na
Aprieta, chamaquito, aprieta
¡Ahí, ahí, ahí, vamo' allá!
[Refrán]
No
, no te puedo olvidar
No, no te puedo borrar
Tú me enseñaste a querer
Me enseñaste a bailar
[Verso 3]
Ay, yo con cualquiera me puedo acostar
Pero no con cualquiera quiero despertar
Solo con usted, con usted
Yo bailo con usted, na' más con usted
Un beso donde estés, donde estés, bebé
[Refrán]
No, no te puedo olvidar
No, no te 
puedo borrar
Tú me enseñaste a querer
Me enseñaste a bailar
[Verso 4]
Y yo tenía muchas novia'
Pero como tú, ninguna
Ya no tengo mi sol, me paso en la luna
Si te pienso, me tiro de una
Eh-eh, mi diabla, mi ángel, mi loquita
Mi diabla, mi ángel, mi loquita, eh-eh",
"[Intro: Tito Double P]
One, two, three
One, two, three
[Verse 1: Peso Pluma & 
Tito Double P
]
A few drinks for the stomach
That white powder, honestly, just won't come down
I'm all mixed up because you won't tell me what's going on
Two days mad, two days without talking to me
Another one of your tantrums
I'm here with the guys, and you're always exaggerating
When you say, ""I love you,"" girl, I just don't believe you at all
Everything I planned went to hell
[Chorus: Peso Pluma & 
Tito Double P
]
Look at what I've become
I love the stacks, I'm crazy about money
Baby, I warned you
That being alone, I'm a total mess
It wasn't me, it was bеcause of you
That I got addicted to this madness
Chеck out what I got
A bunch of girls, and none of them fill me up
[Interlude: Tito Double P &  
Peso Pluma
]
Oh mama
Tito Double P, ah
This is how the fucking Double P sounds, buddy Tito
Ay-ay-ay
Bye
[Verse 2: Peso Pluma & 
Tito Double P
]
The powder doesn't even work for me anymore
You're half-answering, my girl, just tell me what's up
I remembered the nights we fucked in your living room
'Cause I passed by your house and said hi to your mom
[Chorus: Peso Pluma & 
Tito Double P
]
Look at what I've become
I love the stacks, I'm crazy about money
Baby, I warned you
That being alone, I'm a total mess
It wasn't me, it was because of you
That I got addicted to this madness
Check out what I got
A bunch of girls, and none of them fill me up",
"[Letra de ""NADIE""]
[Verso]
Ya no llames, bebé
Ya no te quiero ver, mucho menos saber el por qué te marchaste
Encontré amores nuevos, mucho más bonitas que la que tenía antes
Por favor, ya no me marques
Evítame la pena de tratarte bien culero como si tú fueras nadie
Ya me enfiesté otra vez
Ya no quiero saber, solo quiero beber para no recordarte
Fueron mil noches enteras, pero estar con otra me hizo recordarte
Como te lo hacía antes
Bajo la luna llena nos estorbó to'a la ropa, hasta la Fendi te quitaste
[Coro]
Las Dom Péri por acá
Mota cherry por allá
¿Qué es lo que quiere, mija?
Lo que quieras te daré
Dos, tres noches sin parar
Otra borrachera más
Por ti el polvo iba a dejar, pero preferiste otro querer
[Post-Coro]
Que según sí te valorara, pero los detalles no mirabas
Todo el amor que yo te daba
Todo lo que empieza también algún día se acaba
Que según sí te valorara, pero los detalles no mirabas
Todo el amor que yo te daba
Todo lo que empieza también algún día se acaba
[Interludio]
Ay, linda
Tito Double P
Lero, lero, lero, como balero, mija
¡Uh!
[Coro]
Las Dom Péri por acá
Mota cherry por allá
¿Qué es lo que quiere, mija?
Lo que quieras te daré
Dos, tres noches sin parar
Otra borrachera más
Por ti el polvo iba a dejar, pero preferiste otro querer
[Post-Coro]
Que según sí te valorara, pero los detalles no mirabas
Todo el amor que yo te daba
Todo lo que empieza también algún día se acaba
Todo algún día se acaba
[Outro]
Y se acabó, chiquita
Tito Double P
¡Ah!",
"[Intro]
Abracadabra, abracadabra
Abracadabra, abracadabra
[Verse 1]
Pay the toll to the angels
Drawin' circles in the clouds
Keep your mind on the distance
When the devil turns around
[Refrain]
Hold me in your heart tonight
In the magic of the dark moonlight
Save me from this empty fight
In the game of life
[Pre-Chorus]
Like a poem said by a lady in red
You hear the last few words of your life
With a haunting dance, now you're both in a trance
It's time to cast your spell on the night
[Chorus]
""Abracadabra, amor-ooh-na-na
Abracadabra, morta-ooh-ga-ga
Abracadabra, abra-ooh-na-na""
In her tongue she said, ""Death or love tonight""
[Post-Chorus]
Abracadabra, abracadabra
Abracadabra, abracadabra
Feel the beat under your feet, the floor's on firе
Abracadabra, abracadabra
[Verse 2]
Choose the road on the wеst side
As the dust flies, watch it burn
Don't waste time on a feelin'
Use your passion, no return
[Refrain]
Hold me in your heart tonight
In the magic of the dark moonlight
Save me from this empty fight
In the game of life
[Pre-Chorus]
Like a poem said by a lady in red
You hear the last few words of your life
With a haunting dance, now you're both in a trance
It's time to cast your spell on the night
[Chorus]
""Abracadabra, amor-ooh-na-na
Abracadabra, morta-ooh-ga-ga
Abracadabra, abra-ooh-na-na""
In her tongue she said, ""Death or love tonight""
[Post-Chorus]
Abracadabra, abracadabra
Abracadabra, abracadabra
Feel the beat under your feet, the floor's on fire
Abracadabra, abracadabra
[Bridge]
Phantom of the dance floor, come to me
Sing for me a sinful melody
Ah, ah, ah
Ah, ah, ah
[Chorus]
""Abracadabra, amor-ooh-na-na
Abracadabra, morta-ooh-ga-ga
Abracadabra, abra-ooh-na-na""
In her tongue she said, ""Death or love tonight""",
"Siento un vacío muy frío por dentro, mi amor
Cuando te fuiste, te robaste mi corazón
Me quedé loco de tanto pensar y pensar
Me iré al infierno, pero me tengo que vengar
Siento un vacío muy frío por dentro, mi amor
Cuando te fuiste, te robaste mi corazón
Me quedé loco de tanto pensar y pensar
Me iré al infierno, pero me tengo que vengar
Quiero manchar el vestido blanco de rojo
Sé que el altar de Dios es santo, pero, mi amor
Cien invitados, y todos tendrán que mirar
Que nuestro amor va al más allá
Quiero que bailemos juntos
En el cielo, el infierno, pero sin ese puto
El que te ha apartado todo este tiempo de mí
Al inconsciente que hizo que no fueras pa mí
Danza, una danza eterna
Pero me voy contigo, pero no vamos juntos
Llevo tres noches malditas sin poder dormir
Solo pensando y pensando que eres para mí, pa mí
¡Uh!
Me despido de ti para siempre, chiquitita
Ahí le va pa todos los que traen el corazón roto
¡Uh!
Y su compa Oscar Maydon
Y Fuerza Regida
Camino lento, me duele la respiración
A mil por hora, latidos de mi corazón
En el pasillo me vienen recuerdos, flashbacks
Prometimos que los dos iríamos al altar
Te quitó el velo, aceptaste y luego te besó
Ya has consumado los votos sagrados, mi amor
Un frío muy intenso se llevó todo mi ser
Ya no hay razón pa estar de pie
Quiero que bailemos juntos
En el cielo, el infierno, pero sin ese puto
Al que te ha apartado todo este tiempo de mí
Al inconsciente que hizo que no fueras pa mí
Danza, una danza eterna
Pero me voy contigo, pero no vamos juntos
Llevo tres noches malditas sin poder dormir
Solo pensando y pensando que eras para mí
Miro cómo brillan tus ojos
Me resigno a perderte, y esta vez para siempre
Me arrepentí de quitarte tu felicidad
Te dejaré, una familia puedas comenzar
Me despido, me despido pa siempre
Y te deseo suerte y bendigo mi muerte
Se la dedico al amor que nunca funcionó
A la persona que roto tiene el corazón",15
"[Intro: JOP]
Fuerza Regida
[Verse: JOP]
Chula, what beautiful eyes
Tell me if you're with your man
I’m not jealous at all
Just asking because I’m sneaky
She lies, and I play dumb
She says this is special
But I know I’m the other guy
I can tell from her actions
[Pre-Chorus: JOP & 
Payo Solís
]
Because the way you call me isn’t normal
I saw you saved me under a different name on WhatsApp
Crazy girl, you use me to misbehave
To misbehave
If you knew that because of you, I’m up all night
You call me when that guy leavеs
And I rush over
Baby, you enchant me, just tеll me what’s up
If they knew that because of you, I’m up all night
You call me when that guy leaves
And I rush over
Baby, you enchant me, just tell me what’s up
[Chorus: Payo Solís]
I’m on my way, I’m on my way
You tell me, “Come over, come here”
And there I go, I’m on my way
Super tired, but I’ll be there
You say I should come, I’m on my way
You tell me, “Come over, come here”
And there I go, I’m on my way
Super tired, but I’ll be there
[Interlude: Julián Peña Jr. & 
JOP
]
And this is Grupo Frontera
Fuerza Regida
[Pre-Chorus: Payo Solís & 
JOP
]
Because the way you call me isn’t normal
I saw you saved me under a different name on WhatsApp
Crazy girl, you use me to misbehave
To misbehave
If you knew that because of you, I’m up all night
You call me when that guy leaves
And I rush over
Baby, you enchant me, just tell me what’s up
If they knew that because of you, I’m up all night
You call me when that guy leaves
And I rush over
Baby, you enchant me, just tell me what’s up
[Chorus: JOP & 
Payo Solís
]
I’m on my way, I’m on my way
You tell me, “Come over, come here”
And there I go, I’m on my way
Super tired, but I’ll be there
You say I should come, I’m on my way
You tell me, “Come over, come here”
And there I go, I’m on my way
Super tired, but I’ll be there
[Outro Instrumental]",
"[Intro]
I'm homophobic but I'm gay
[Verse 1]
I did not tell my mother I got married
Men need buried
You tasted just like cherries
I hope we can hang again in our twenties
You gave me parantese
We had a lot of attendees
I miss our progenies
We don't need no frenchies
[Chorus]
I was bottom
You were as pretty as a blossom
Let's go to Gotham City and show off all of our pretty
Yeah, you were shitty to me after, but I have to admit, I'm guilty
We were so slutty
I was so lucky you were my key
Wherе did our debris go? (Oh, woah)
Gotham City, such a pity we had to get rid of thе pretty
[Verse 2]
Your skin felt like silk (This is just a chitty)
We didn't need no side dick
We was thick like a side chick, yeah
I want us back again, yeah
If you needed a ren, I'd be your tien, yeah
Fuck Adrian, yeah, me and him could only last a circadian
Let the aliens come and get us
I don't want to be a Sapien no more
I just wanna be, ""Anna's Spalpeen"" (Oh, woah)
It can only mean a sad scene
Between me and you, we each other's vaccine
You like my caffeine
I cried over you behind the screen
If you were in a situation, I'd intervene and give a scene
Because I, I love you, make me serene
See upcoming pop shows
Get tickets for your favorite artists
You might also like
Teardrops
Prada Desperado
She
Prada Desperado
Die With A Smile
Lady Gaga & Bruno Mars
[Chorus]
I was bottom (Bottom)
You were as pretty as a blossom (Blossom)
Let's go to Gotham City and show off all of our pretty
Yeah, you were shitty to me after, but I have to admit, I'm guilty (Guilty)
We were so slutty
I was so lucky you were my key
Where did our debris go? (Oh, woah, baby)
[Outro]
Gotham City, such a pity (Such a pity)
Gotham City, such a pity (Mmm)",
"[Intro: Bobby DeBarge]
I used to think about immature things
You know, like
Do you love me? Do you want me?
Are you gon' call me like you said you would?
Is this really your real phone number?

[Chorus: Kendrick Lamar, SZA & Both]
Some of y'all gon' get washed (Washed)
Some of y'all just gon' pop shit
Some of y'all just gon' talk (Talk)
But none of y'all ain't really 'bout shit
Some of y'all just look lost (Lost, yeah)
I get this type of feeling you ain't accustomed to
I swear I'd be at peace if it weren't for you (Yeah, yeah)
Only want your love if it's solid
But if it's fuck me, then fuck you (Huh)
And that's the way I like it
That's the way I like it
And that's the way I like it
Ain't crackin' a smile for none of these bitches
That's the way I like it
I'm wipin' 'em down in front of they nigga
That's the way I like it
I'm thirty for thirty, I'm thirty for thirty, I'm thirty for thirty, I'm thirty for thirty, I'm
See upcoming R&B shows
Get tickets for your favorite artists

You might also like
BMF
SZA
luther
Kendrick Lamar & SZA
Not Like Us
Kendrick Lamar
[Post-Chorus: SZA]
Chat
Should I fold that bitch, no yoga mat?
Chat
Should I dead that nigga? Don't hit me back
Chat
Should've ran down on you, no questions asked
Chat, chat, they chattin', they chat

[Verse 1: SZA]
When the sun go down, everything make me feel lonely, yeah
Had a lil' side thing, but right now, he's just the homie
Tryna feel good inside, he never wanna hold me
Hype me up, you get me hyped, you my favorite coach
Come press the line
Fucking stress off, that's my only vice
I take it off when he tell me if I'm feelin' fine
I run it up, risk it all like I'm rolling dice
Takin' it all, it's my second life
That's me (That's me)
Passed out in a nigga backseat (Backseat)
Crashed out on a black-sand beach (Uh)
Already know my body
Already know that's me
Bitch shit, then you might get minked
Mink, mink, mink
Only want the love if it's solid


[Chorus: Kendrick Lamar, SZA & Both]
Some of y'all gon' get washed (Washed)
Some of y'all just gon' pop shit
Some of y'all just gon' talk (Talk)
But none of y'all ain't really 'bout shit
Some of y'all just look lost (Lost, yeah)
I get this type of feeling you ain't accustomed to
I swear I'd be at peace if it weren't for you (Yeah, yeah)
Only want your love if it's solid
But if it's fuck me, then fuck you (Huh)
And that's the way I like it

[Verse 2: Kendrick Lamar & SZA]
Everything been otay (Otay)
They salute me so damn much, every time I show up, nigga about-face
Everything no cut, I fuck y'all up, I'm really gon' trip 'bout bae (Mm-mm)
Blow the '87 guts, why they waitin' on us? Tell 'em I was on PCH
You fuckin' with niggas that's thinkin' they cuter than you, oh
Say you on your cycle, but he on his period too, oh
The tables been turnin' so much, I was thinkin' it's foosball
The tenderness of 'em, mistakin' 'em for some wagyu, oh
Walk, talk like Kenny, like boss
Like Solána, I promise, more buzz, it's a wasp
It's a crater or a spaceship, shut the fuck up, get lost
No favors, I'll wager whatever you worth, I ball
Somethin' about a conservative, regular girl that still can beat a bitch ass
Thorough as fuck, don't need your bitch ass
Psychic as fuck, can read your bitch ass
Zodiac sign, it must be a Gemini moon 'cause, shit, we about to go half
Mistakenly, nobody been in they bag, but how many bodies done been in her bed?

[Chorus: Kendrick Lamar, SZA & Both]
Some of y'all gon' get washed (Washed)
Some of y'all just gon' pop shit
Some of y'all just gon' talk (Talk)
But none of y'all ain't really 'bout shit
Some of y'all just look lost (Lost, yeah)
I get this type of feeling you ain't accustomed to
I swear I'd be at peace if it weren't for you (Yeah, yeah)
Only want your love if it's solid
But if it's fuck me, then fuck you (Huh)
And that's the way I like it
That's the way I like it
That's the way I like it
Ain't crackin' a smile for none of these bitches
That's the way I like it
I'm wipin' 'em down in front of they nigga
That's the way I like it
I'm thirty for thirty, I'm thirty for thirty, I'm thirty for thirty, I'm thirty for thirty, I'm

[Post-Chorus: SZA]
Chat
Should I fold that bitch, no yoga mat?
Chat
Should I dead that nigga, no strings attached?
Chat
Should've ran down on you, no questions asked
Chat, they chattin', they chattin', they chat

[Outro: SZA & Kendrick Lamar]
Chat
Do I let him bump his gums or get him whacked?
Chat
Do I take his head off and wear it for fashion?
Chat
Do I do my stuff and take it to the max?
Chat, they chattin', they chattin', they chat",18
"[Letra de ""NUEVAYoL""]
[Intro]
¡Nueva Yol!
[Coro: Andy Montañez & 
Bad Bunny
]
Si te quieres divertir
Con encanto y con primor
Solo tienes que vivir (
¿Pa' dónde?
)
Un verano en Nueva York (
¡Nueva York!
)
Si te quieres divertir
Con encanto y con primor (
¿Pero qué es esto?
)
Solo tienes que vivir (
¿Y este frío?
)
Un verano en Nueva York (
Un ratito na' má'
)
[Verso 1: Bad Bunny]
Ey, ey, ey, 4 de julio, 4th de July
Ando con mi primo, borracho, rulay
Los mío' en El Bronx saben la que hay
Con la nota en high por Washington Heights
Willie Colón, me dicen ""еl malo"", ey
Porque pasan los año' y sigo dando palo'
Vendiеndo disco' como cuadro' 'e Frida Kahlo
El perico es blanco, sí, sí, el tusi rosita, eh, eh
No te confunda', no, no, mejor evita, ey (Ey)
Un shot de cañita en casa de Toñita y PR se siente cerquita
Sí, sí, sí, como el campeonato, nadie me lo quita
The best in the world
Number one, the best in the world, ¿okey? ¡Puerto Rico!
¿Cómo Bad Bunny va a ser rey del pop, ey, con reggaetón y dembow?
Ey, con reggaetón y dembow, sí, con reggaetón y dembow
¿Cómo Bad Bunny va a ser rey del pop, ey, con reggaetón y dembow?
Me siento como el Lapiz en ""Capea El Dough""
Cuando yo nací, fue que nació el flow
De la'o a la'o, ping-pong (Pong)
Un flow pesa'o, Big Pun (Pun)
Con silenciador les robamo' las gata', James Bond, ey
Yo estoy en la mía, no tengo adversario, no
Con Los Yankee' y Los Met', Juan Soto
A correr, que otra ve' la sacamo' 'el estadio (Ey)
[Coro: Andy Montañez & 
Bad Bunny
]
Si te quieres divertir
Con encanto y con primor
Solo tienes que vivir (
Ya mismo nos vamo'
)
Un verano en Nueva— (
Un ratito má', un ratito
)
[Interludio: Bad Bunny]
Shh, cuida'o, que nadie nos escuche
Shh, cuida'o, que nadie nos escuche
Shh, cuida'o, que nadie nos escuche
Shh, cuida—
[Verso 2: Bad Bunny]
Tú tiene' piquete, mami, yo también
Tú estás buena, yo estoy bueno también
Huelo rico y ando con los de cien
Si tú lo quiere', lo tiene' que mover
Tú tiene' piquete, mami, yo también
Tú estás buena, yo estoy bueno también
Huelo rico y ando con los de cien
Si tú lo quiere', lo tiene' que mover
[Outro: Bad Bunny]
Lo tiene' que move'-ve'-ve'-ve'-ve'-ve'-ve'-ve'-ve'-ve'-ve'-ve'
Lo tiene' que move'-ve'-ve'-ve'-ve'-ve'-ve'-ve'-ve'-ve'-ve'-ve'
Lo tiene' que move'-ve'-ve'-ve'-ve'-ve'-ve'-ve'-ve'-ve'-ve'-ve'
Lo tiene' que move'-ve'-ve'-ve'-ve'-ve'-ve'-ve'-ve'-ve'-ve'-ve'-ve'-ve'-ve'-ve'
Shh",
"[Intro]
(But I wanna stay)
[Verse 1]
I want you to stay
'Til I'm in the grave
'Til I rot away, dead and buried
'Til I'm in the casket you carry
If you go, I'm goin' too, uh
'Cause it was always you (Alright)
And if I'm turnin' blue, please don't save me
Nothin' left to lose without my baby
[Refrain]
Birds of a feather, we should stick together
, I know
I said I'd never think I wasn't better alone
Can't change the weather, might not be forever
But if it's forever, it's even better
[Pre-Chorus]
And I don't know what I'm cryin' for
I don't think I could love you more
It might not be long, but baby, I
[Chorus]
I'll love you 'til the day that I die
'Til the day that I die
'Til the light leaves my eyes
'Til the day that I die
[Verse 2]
I want you to see, hm
How you look to me, hm
You wouldn't believe if I told ya
You would keep the compliments I throw ya
But you're so full of shit, uh
Tell me it's a bit, oh
Say you don't see it, your mind's polluted
Say you wanna quit, don't be stupid
[Pre-Chorus]
And I don't know what I'm cryin' for
I don't think I could love you more
Might not be long, but baby, I
Don't wanna say goodbye
[Chorus]
Birds of a feather, we should stick together,
 I know 
('Til the day that I die)
I said I'd never think I wasn't better alone
 
('Til the light leaves my eyes)
Can't change the weather, might not be forever
 
('Til the day that I die)
But if it's forever, it's even better
[Post-Chorus]
I knew you in another life
You had that same look in your eyes
I love you, don't act so surprised",
"[Letra de ""ROSONES""]
[Intro]
Ay
Tito Double P
Ay, mamá
¡Uh!
[Verso 1]
Putas, lavada, botellas de cristal
La paca llega, la quiero reventar
Traigo a la más buena de todo Instagram
Cuerpo bonito, ese culo es natural
Tú quieres un novio, chocolate y flores
Yo te regalo, mija, hasta unos rosones
Pero no cuentes que prendimos los blones
Porque tus amigas van a envidiarte
[Coro]
Las putas, lavada, cómo me encanta lo que hace la fama
Parezco de la maña, me veo bien placoso de Dolce & Gabbana
Traigo buen respaldo y un chingo de morras conocen mi cama
Mi amor, no soy celoso
Mija, no te preocupes, que aquí no hay falla
[Interludio]
Que aquí no hay falla
¡Uh!
Ay, mamá
[Verso 2]
Vuelo privado, de motita las flores
Véngase, mami, ven, dame unos sentones
Amanecido, ya van dos loquerones
No es mi culpa si ella solita se pone
Le piso la cuadrada y unos gallones
Pisteando, a la verga, suenan los corridones
Mi bandolera está llena de pacones
Traigo pa' cualquier putero mamarme
[Coro]
Las putas, lavada, cómo me encanta lo que hace la fama
Parezco de la maña, me veo bien placoso de Dolce & Gabbana
Traigo buen respaldo y un chingo de morras conocen mi cama
Mi amor, no soy celoso
Mija, no te preocupes, que aquí no hay falla
[Outro]
Ah-ja-jay
Que aquí no hay falla
Aquí no hay falla, mija",
"[Letra de ""EL LOKERÓN""]
[Verso 1]
Con la gorrita de lado, los ojos tumbados y cargo un placón
Loco cabrón, así me dicen que soy
Los plebes andan ondeados, si bajan los vidrios, un humaderón
Sale el olor a pura flor
Tengo llamadas perdidas, mi morra ya varias veces me marcó
Quiere que ya me regrese pa'l cantón
Y que la dé por perdida, no hay pedo, aquí tengo a su amiga a un lado
Y lo mueve mucho mejor, mucho mejor
[Coro]
No te tengo aquí, a mi lado, pero me la paso chingón
Van cuatro días enfiestado, encerrado, traigo un loquerón
Un loquerón, no es por amor el loquerón
[Interludio]
Tito Double P
El loquerón, mi pa
Ay, mamá
[Verso 2]
Pata a fondo, acelerado, bien adiamantado traigo el Rolexón
Y atrás de mí viene un convoy (Convoy)
Los plebes andan ondeados, las puntas por fuera, se ve el blindadón
Y en el depa un reventón
Ya empezó y pónganse pilas, que las bandidas llegarán en calor
Y ahí vienen dos pa' Miguelón
No se me duerma, plebada, que ahí vienen morritas de medio millón
En el TikTok, de lo mejor, de lo mejor
[Coro]
No te tengo aquí, a mi lado, pero me la paso chingón
Van cuatro días enfiestado, encerrado, traigo un loquerón
Un loquerón, no es por amor el loquerón
[Outro Instrumental]",
"[Verse 1]
Things fall apart
And time breaks your heart
I wasn't there, but I know
She was your girl
You showed her the world
But fell out of love and you both let go
[Pre-Chorus]
She was cryin’ on my shoulder
All I could do was hold her
Only made us closer until July
Now, I know that you love me
You don't need to remind me
I should put it all behind me, shouldn't I?
[Chorus]
But I see her in the back of my mind all the time
Like a fever, like I’m burning alive, like a sign
Did I cross the line?
(Mm) Hmm
[Verse 2]
Well, good things don't last (Good things don't last)
And life moves so fast (Life moves so fast)
I'd never ask who was better (I'd never ask who was better)
'Cause she couldn't be (Couldn't)
More different from me (Different)
Happy and free in leather (Happy)
[Pre-Chorus]
And I know that you love me (You love me)
You don’t need to remind me (Remind me)
Wanna put it all behind me, but baby
[Chorus]
I see her in the back of my mind (Back of my mind) all the time (All the time)
Feels like a fever (Like a fever), like I’m burning alive (Burning alive), like a sign
Did I cross the line?
[Bridge]
You say no one knows you so well (Oh)
But every time you touch me, I just wonder how she felt
Valentine's Day, cryin’ in the hotel
I know you didn't mean to hurt me, so I kept it to myself
[Chorus]
And I wonder
Do you see her in the back of your mind in my eyes?
[Outro]
You say no one knows you so well
But every time you touch me, I just wonder how she felt
Valentine's Day, cryin' in the hotel
I know you didn’t mean to hurt me, so I kept it to myself",
"[Verse 1: Neton Vega & 
Peso Pluma
]
Look, who would think it?
The boy went up
He has more than enough quality
He has overcome several of them walking in the patrol car
The desire to improve myself at night disturbs me
I'm still the same, except that I change the plans and the media buzz
And suddenly we’re going partying
Because today you can do what you like
The double-sided ones are on my nerves
And the worst part is that there are plenty of those
[Chorus: Peso Pluma]
I'll die if you're not here
Come here, my baby, mom
Come, dial me on my cell phone
I want to caress you and brush your hair
[Interlude: Peso Pluma & 
Neton Vega
]
Just like that, friend Neton, pa ’let them know, dude
And this is how the Double P sounds, dude
Pull your hair
[Verse 2: Peso Pluma]
I have learned everything from the old man, very firm with his flag
Forbidden to say his name, he goes around the world and waits in his jet
He senses the danger and the Glock draws
I'm not saying the name in case you're wondering
A blunt from Bubba here is going to catch me
He's gotten rid of several of them walking in the patrol
[Chorus: Neton Vega]
I'll die if you're not here
Come over here, my baby, mom
Come on, dial me on my cell phone
I want to caress you and touch your hair",
"Desde Los Ángeles, California
De parte de Rancho Humilde
Les presentamos ""Hollywood"", by Estevan Plazola
¡Eh!
No quiero acostarme, no puedo dormir
No puedo acabar, no me puedo rendir
Tantos recuerdos, logros que viví
Razones me sobran para sobrevivir
No todo es como parece
Neta, yo soy prueba en vivo
No me creen yo se los digo, hold up
Vivo muy a prisa, la vida de artista
Drogas y mujeres
Otra más para la lista, en el ambiente
Con figuras grandes, citas importantes
Caviar y otras comidas elegantes
Veinte mil como si nada, mucha ropa que es de marca
Puras dieces son mis damas desde antes de la fama
Pero, déjame empezar, siéntense, les vo'a contar
Lo que no sabían de mí, toa la verdad
Me arrestaron a los 15 años por querer lograr todos mis sueños
Le marcaron a mis jefes, les dijeron que no andaba en nada bueno
Doble pantalón para aguantar los cintarazos
Cuando me corrieron yo me sentí abandonado
Son las cosas que uno va pensando
Rolando un cigarro, paseando por Hollywood
Son las cosas que uno va pensando
Rolando un cigarro, paseando por Hollywood
No quiero acostarme, no puedo dormir
No puedo acabar, no me puedo rendir
Tantos recuerdos, logros que viví
Razones me sobran para sobrevivir
¡Yeah!
Grafx
Match one, player
Adquiero lo que yo admiro, pocos saben de lo que hablo
Lo tomo como lo tengo porque firme con el diablo
Nuestra generación piensa diferente
Mira el presidente, otro más para la lista de corrupto
Poder absoluto, viven puro lujo
Mientras que uno aquí valiendo mero
Yo seguiré avanzando
Pero yo seguiré avanzando
Son las cosas que uno va pensando
Rolando un cigarro, paseando por Hollywood
Son las cosas que uno va pensando
Rolando un cigarro, paseando por Hollywood
No quiero acostarme, no puedo dormir
No quiero acabar, no me puedo rendir
Tantos recuerdos, logros que viví
Razones me sobran para sobrevivir
¡Yeah!
Estevan Plazola
¡Sheesh!",25
